TimeStamp,ch1,ch2,ch3,ch4
1670219488.2896,18140.56,-469.79,21401.5,2165.33
1670219488.2946,18115.44,-405.99,21415.94,2354.52
1670219488.2996,18102.31,-584.4,21476.1,2357.07
1670219488.305,18195.96,-474.17,21403.59,2394.44
1670219488.3092,18115.17,-442.14,21615.62,2183.96
1670219488.3135,18104.16,-565.04,21369.38,2360.01
1670219488.3186,18111.28,-559.86,21690.65,2309.52
1670219488.3236,18114.32,-426.09,21553.04,2298.17
1670219488.3292,18150.24,-594.28,21697.37,2389.12
1670219488.3342,18142.85,-485.22,21531.87,2243.0
1670219488.3392,18106.44,-594.84,21637.57,2275.67
1670219488.3442,18187.6,-569.82,21500.81,2109.66
1670219488.3492,18132.05,-456.44,21609.39,2246.32
1670219488.3542,18164.16,-579.32,21343.05,2340.8
1670219488.3592,18101.8,-416.52,21433.2,2157.77
1670219488.3642,18157.94,-592.68,21677.57,2247.49
1670219488.3692,18129.65,-526.24,21422.15,2193.71
1670219488.3742,18135.42,-506.7,21365.5,2264.29
1670219488.3792,18112.76,-526.58,21596.7,2108.33
1670219488.3842,18136.21,-532.64,21305.34,2399.8
1670219488.3892,18131.42,-472.3,21660.93,2381.87
1670219488.3942,18159.0,-516.24,21368.43,2256.36
1670219488.3992,18152.23,-545.23,21587.85,2383.63
1670219488.4042,18158.41,-425.92,21618.01,2362.33
1670219488.4093,18101.58,-545.61,21621.38,2100.86
1670219488.4142,18173.4,-421.58,21649.63,2339.47
1670219488.4192,18112.27,-583.29,21308.69,2222.83
1670219488.4242,18133.33,-580.2,21409.95,2221.93
1670219488.4292,18113.3,-561.13,21470.49,2383.36
1670219488.4342,18184.65,-526.7,21429.79,2110.92
1670219488.4392,18189.97,-597.75,21666.48,2308.38
1670219488.4442,18199.84,-424.89,21348.21,2105.79
1670219488.4492,18139.11,-481.11,21432.47,2383.74
1670219488.4542,18132.25,-577.88,21617.26,2383.49
1670219488.4592,18111.28,-465.76,21662.68,2396.29
1670219488.4643,18195.97,-466.86,21643.04,2170.23
1670219488.4693,18190.12,-493.61,21359.53,2365.99
1670219488.4743,18192.56,-430.0,21645.09,2133.62
1670219488.4793,18111.37,-462.02,21614.13,2392.8
1670219488.4843,18192.36,-579.38,21399.77,2398.57
1670219488.4893,18140.57,-562.17,21661.32,2121.08
1670219488.4943,18142.89,-434.81,21656.04,2192.42
1670219488.4993,18146.08,-597.98,21603.32,2275.5
1670219488.5043,18159.87,-541.55,21677.36,2224.51
1670219488.5084,18169.11,-599.72,21566.83,2212.43
1670219488.5134,18153.32,-444.56,21342.6,2114.98
1670219488.5184,18156.11,-460.22,21477.68,2262.3
1670219488.5234,18188.02,-547.14,21489.96,2240.17
1670219488.5283,18168.19,-495.61,21597.39,2313.07
1670219488.5334,18172.66,-447.3,21574.06,2244.15
1670219488.5384,18134.63,-460.28,21628.97,2348.86
1670219488.5433,18109.6,-461.08,21644.14,2268.58
1670219488.5484,18152.87,-475.8,21477.55,2132.45
1670219488.5535,18198.06,-554.45,21418.79,2265.24
1670219488.5583,18121.84,-480.43,21562.8,2278.77
1670219488.5634,18104.54,-553.58,21426.49,2393.31
1670219488.5685,18131.16,-464.9,21507.35,2194.67
1670219488.5734,18135.18,-579.99,21610.75,2172.46
1670219488.5785,18148.32,-590.56,21368.01,2111.6
1670219488.5828,18147.57,-550.03,21407.29,2172.28
1670219488.5873,18141.32,-586.17,21511.43,2192.22
1670219488.5921,18119.84,-408.9,21552.02,2378.07
1670219488.5972,18193.46,-579.18,21659.41,2354.14
1670219488.6013,18188.29,-535.44,21462.58,2313.7
1670219488.6056,18125.23,-428.56,21362.92,2298.36
1670219488.6106,18120.55,-415.39,21542.73,2371.79
1670219488.6149,18136.14,-442.13,21417.32,2280.91
1670219488.6192,18107.32,-531.76,21384.24,2390.25
1670219488.6234,18136.27,-426.89,21563.2,2177.64
1670219488.6283,18117.41,-552.15,21332.85,2109.59
1670219488.6334,18131.11,-546.53,21555.5,2223.68
1670219488.6384,18195.32,-586.54,21505.66,2314.18
1670219488.6426,18131.53,-520.65,21345.93,2223.4
1670219488.6474,18199.73,-462.83,21453.78,2387.48
1670219488.6517,18178.45,-471.27,21418.63,2257.42
1670219488.6568,18191.82,-463.22,21321.88,2229.59
1670219488.6617,18165.25,-402.67,21425.66,2181.37
1670219488.6658,18181.47,-464.52,21564.25,2184.07
1670219488.67,18153.81,-568.14,21662.47,2197.86
1670219488.6747,18165.63,-480.58,21532.48,2356.4
1670219488.6795,18100.08,-516.07,21301.12,2198.19
1670219488.6845,18133.41,-580.77,21654.36,2130.21
1670219488.6895,18178.73,-415.84,21519.34,2122.66
1670219488.6944,18165.63,-412.11,21592.39,2297.32
1670219488.6988,18185.81,-490.3,21425.19,2346.58
1670219488.703,18183.5,-523.96,21501.99,2270.6
1670219488.708,18124.7,-531.52,21506.11,2259.43
1670219488.7129,18174.14,-478.86,21549.58,2317.53
1670219488.718,18198.41,-534.91,21514.09,2374.1
1670219488.7223,18162.57,-488.25,21379.36,2210.03
1670219488.7273,18105.4,-494.4,21678.19,2312.99
1670219488.7315,18134.04,-555.71,21322.28,2335.33
1670219488.7359,18191.81,-566.01,21524.64,2132.56
1670219488.7407,18185.6,-428.84,21518.84,2161.74
1670219488.7457,18136.75,-465.44,21383.28,2183.44
1670219488.7501,18139.46,-458.0,21458.34,2344.38
1670219488.7544,18112.37,-584.21,21371.23,2255.48
1670219488.7585,18104.54,-431.85,21576.75,2218.04
1670219488.7627,18176.87,-433.47,21370.58,2341.44
1670219488.7669,18137.36,-570.2,21364.84,2252.94
1670219488.7717,18118.55,-565.44,21599.79,2251.63
1670219488.7767,18181.61,-581.52,21320.36,2231.0
1670219488.7817,18170.55,-537.76,21405.85,2356.59
1670219488.7867,18175.5,-486.72,21412.38,2244.32
1670219488.7917,18192.28,-463.27,21481.45,2193.17
1670219488.7967,18128.02,-516.84,21463.14,2309.03
1670219488.8017,18158.89,-542.7,21362.13,2360.92
1670219488.8067,18123.27,-560.55,21600.52,2202.87
1670219488.8117,18109.04,-462.81,21605.96,2201.04
1670219488.8167,18139.66,-427.16,21300.91,2218.8
1670219488.8217,18184.34,-568.27,21584.5,2320.96
1670219488.8267,18153.29,-545.49,21597.85,2325.94
1670219488.8317,18176.62,-547.01,21373.72,2300.99
1670219488.8368,18133.89,-563.33,21422.85,2367.05
1670219488.8417,18110.82,-444.03,21447.11,2381.97
1670219488.8467,18157.57,-471.86,21590.75,2389.65
1670219488.8517,18155.99,-585.91,21533.93,2329.17
1670219488.8567,18174.07,-597.64,21523.81,2288.71
1670219488.8617,18188.68,-570.8,21430.21,2212.61
1670219488.8667,18125.41,-505.18,21505.23,2163.69
1670219488.8717,18158.84,-559.34,21639.21,2156.8
1670219488.8767,18130.81,-418.91,21314.09,2213.89
1670219488.8817,18166.02,-489.37,21332.52,2295.93
1670219488.8867,18101.11,-474.65,21514.58,2275.11
1670219488.8917,18143.66,-476.75,21621.11,2190.16
1670219488.8967,18191.08,-406.87,21572.83,2333.24
1670219488.9009,18133.27,-470.76,21596.61,2203.01
1670219488.9059,18170.06,-539.57,21653.75,2329.88
1670219488.9107,18107.88,-432.75,21586.16,2110.63
1670219488.9157,18120.36,-426.18,21507.83,2393.64
1670219488.9208,18132.6,-471.1,21509.23,2108.36
1670219488.9257,18145.95,-422.3,21483.73,2273.65
1670219488.9308,18194.19,-553.76,21603.3,2162.17
1670219488.9359,18180.31,-585.59,21493.02,2361.27
1670219488.9409,18129.7,-545.45,21306.97,2260.24
1670219488.9457,18127.29,-558.53,21460.68,2301.65
1670219488.9499,18177.74,-564.61,21622.13,2331.28
1670219488.9549,18104.21,-526.02,21400.72,2300.56
1670219488.9598,18197.39,-578.0,21580.47,2174.96
1670219488.9649,18157.77,-579.22,21313.34,2309.14
1670219488.9691,18156.29,-489.61,21553.84,2215.15
1670219488.9741,18154.37,-464.91,21565.75,2148.09
1670219488.9789,18174.63,-539.65,21692.52,2164.67
1670219488.9835,18150.29,-588.39,21355.85,2300.72
1670219488.9886,18132.06,-573.5,21655.03,2158.99
1670219488.9937,18160.54,-454.65,21630.44,2270.74
1670219488.9988,18139.4,-465.85,21430.05,2393.5
1670219489.0037,18198.36,-472.39,21671.14,2135.56
1670219489.0078,18137.93,-576.9,21406.22,2318.28
1670219489.0126,18146.42,-566.97,21353.02,2388.69
1670219489.0172,18152.06,-545.22,21348.46,2223.76
1670219489.0222,18156.91,-577.63,21651.04,2130.67
1670219489.027,18117.93,-579.32,21637.71,2369.74
1670219489.0312,18171.82,-582.26,21586.37,2194.23
1670219489.0362,18196.29,-427.18,21403.37,2314.97
1670219489.0412,18168.35,-473.25,21403.94,2260.54
1670219489.0462,18171.77,-479.43,21537.28,2141.86
1670219489.0512,18139.65,-427.9,21311.43,2344.65
1670219489.0555,18165.49,-525.58,21348.75,2213.31
1670219489.0602,18157.96,-533.92,21601.38,2183.73
1670219489.0645,18146.71,-528.02,21691.99,2390.33
1670219489.0687,18182.56,-518.98,21502.03,2285.84
1670219489.0737,18168.27,-406.89,21549.06,2395.29
1670219489.0785,18136.43,-589.9,21457.6,2355.0
1670219489.0838,18153.93,-581.9,21460.25,2121.47
1670219489.0888,18166.15,-593.29,21343.74,2146.24
1670219489.0936,18110.26,-528.41,21453.91,2226.31
1670219489.0977,18177.19,-404.91,21572.38,2322.06
1670219489.1028,18122.98,-559.88,21520.29,2259.81
1670219489.1069,18160.93,-594.41,21605.85,2294.46
1670219489.1111,18119.67,-401.68,21571.84,2256.93
1670219489.1153,18136.43,-514.77,21633.8,2182.95
1670219489.1195,18148.9,-462.26,21303.88,2222.09
1670219489.1245,18178.97,-510.11,21476.79,2189.22
1670219489.1295,18108.26,-589.34,21477.01,2210.71
1670219489.1345,18121.41,-490.9,21360.59,2270.26
1670219489.1387,18183.45,-513.34,21334.5,2188.74
1670219489.1437,18192.8,-560.97,21593.86,2382.64
1670219489.1479,18149.02,-568.37,21369.41,2370.07
1670219489.1521,18195.38,-414.48,21346.42,2387.9
1670219489.1562,18189.21,-423.42,21426.63,2356.19
1670219489.1609,18177.81,-573.46,21313.59,2344.34
1670219489.1652,18180.0,-499.49,21495.29,2289.04
1670219489.1702,18140.24,-567.43,21372.12,2327.76
1670219489.1745,18111.62,-539.27,21619.44,2125.67
1670219489.1795,18178.4,-532.16,21596.52,2174.84
1670219489.1843,18109.77,-436.44,21540.9,2244.64
1670219489.1885,18153.08,-596.31,21434.0,2188.78
1670219489.1934,18119.65,-551.91,21601.55,2324.18
1670219489.1987,18138.12,-527.43,21535.34,2351.03
1670219489.2029,18128.37,-587.65,21342.46,2124.29
1670219489.2079,18164.5,-513.63,21404.96,2309.34
1670219489.213,18103.35,-551.15,21384.13,2279.01
1670219489.2172,18141.35,-483.15,21561.99,2221.09
1670219489.2221,18144.23,-516.52,21404.45,2349.87
1670219489.227,18127.32,-444.32,21401.04,2378.94
1670219489.2313,18193.31,-491.42,21403.85,2334.93
1670219489.2355,18146.3,-417.46,21584.71,2118.53
1670219489.2398,18167.55,-513.54,21521.72,2305.06
1670219489.2441,18153.76,-451.34,21655.5,2132.63
1670219489.2483,18193.15,-576.1,21690.04,2318.46
1670219489.2533,18110.25,-434.37,21428.01,2339.55
1670219489.2582,18122.08,-572.72,21543.7,2319.47
1670219489.2634,18113.86,-521.85,21401.58,2396.19
1670219489.2677,18122.43,-593.86,21426.77,2185.98
1670219489.2727,18129.59,-431.2,21452.27,2213.59
1670219489.2779,18132.01,-551.33,21361.22,2294.17
1670219489.2821,18117.48,-460.53,21557.8,2104.31
1670219489.2864,18102.57,-507.8,21672.2,2101.65
1670219489.2914,18107.89,-497.83,21508.31,2256.84
1670219489.2964,18168.77,-581.74,21397.81,2230.8
1670219489.3014,18161.03,-431.22,21488.66,2343.86
1670219489.3062,18123.41,-547.86,21609.14,2282.57
1670219489.3112,18151.95,-540.59,21583.5,2201.51
1670219489.3162,18163.82,-595.36,21652.72,2147.1
1670219489.3212,18102.61,-408.14,21404.53,2335.67
1670219489.3262,18101.89,-576.09,21434.51,2342.18
1670219489.3312,18176.7,-557.84,21583.73,2119.33
1670219489.3362,18139.02,-549.17,21551.85,2228.65
1670219489.3412,18150.45,-405.96,21551.42,2286.99
1670219489.3462,18105.88,-551.92,21657.93,2264.33
1670219489.3514,18125.66,-470.14,21467.84,2331.86
1670219489.3556,18195.86,-428.3,21668.61,2300.07
1670219489.3603,18137.74,-453.56,21535.68,2201.28
1670219489.3645,18164.37,-409.13,21472.6,2383.86
1670219489.3694,18199.96,-551.7,21476.26,2154.25
1670219489.3745,18165.09,-469.79,21512.19,2260.27
1670219489.3795,18166.74,-430.04,21373.06,2222.11
1670219489.3836,18163.05,-427.06,21382.08,2216.66
1670219489.3881,18187.15,-422.59,21368.13,2388.9
1670219489.3929,18183.83,-420.48,21456.47,2180.54
1670219489.3971,18170.13,-481.38,21656.19,2290.43
1670219489.4021,18172.83,-538.91,21379.46,2123.74
1670219489.4073,18116.63,-505.48,21633.28,2398.64
1670219489.4122,18169.38,-432.63,21354.53,2390.98
1670219489.4172,18160.26,-488.42,21512.91,2136.48
1670219489.4221,18154.47,-453.44,21692.74,2268.18
1670219489.4272,18158.26,-528.22,21568.16,2173.15
1670219489.4322,18164.65,-519.55,21395.31,2211.09
1670219489.4372,18141.92,-405.36,21487.25,2181.21
1670219489.4421,18199.17,-474.18,21555.88,2168.04
1670219489.4472,18112.91,-560.9,21635.47,2180.46
1670219489.4523,18179.41,-507.23,21402.34,2281.48
1670219489.4573,18120.13,-515.05,21443.43,2351.8
1670219489.4623,18169.67,-516.02,21452.44,2172.23
1670219489.4673,18117.51,-599.15,21339.03,2121.22
1670219489.4723,18165.89,-519.69,21355.14,2336.16
1670219489.4773,18145.83,-460.09,21462.19,2370.24
1670219489.4823,18109.21,-461.76,21317.88,2209.12
1670219489.4865,18159.34,-494.69,21397.07,2116.34
1670219489.4914,18191.03,-420.0,21423.1,2120.37
1670219489.4956,18147.58,-588.19,21689.82,2187.29
1670219489.5,18173.75,-463.62,21333.76,2303.24
1670219489.5042,18150.44,-425.78,21533.49,2391.79
1670219489.509,18138.31,-515.25,21466.52,2351.02
1670219489.5132,18194.46,-436.23,21602.63,2152.43
1670219489.5182,18111.72,-454.55,21309.61,2135.05
1670219489.5228,18112.57,-541.14,21545.86,2350.9
1670219489.5278,18112.9,-569.06,21430.79,2308.64
1670219489.532,18150.81,-405.8,21519.77,2162.22
1670219489.5368,18121.35,-493.97,21565.99,2347.82
1670219489.5416,18179.34,-464.65,21631.66,2298.03
1670219489.5458,18135.31,-401.18,21491.74,2331.34
1670219489.5508,18157.77,-521.24,21301.41,2391.91
1670219489.5558,18127.19,-577.24,21542.34,2366.58
1670219489.5607,18101.54,-481.11,21556.96,2347.34
1670219489.565,18161.19,-509.8,21329.37,2360.44
1670219489.5699,18164.15,-509.33,21310.58,2222.89
1670219489.5747,18117.29,-406.19,21349.27,2361.65
1670219489.5797,18177.73,-520.59,21340.28,2188.41
1670219489.5839,18169.44,-470.96,21417.81,2381.45
1670219489.5889,18107.27,-582.47,21497.11,2281.61
1670219489.5937,18160.9,-529.96,21439.19,2279.0
1670219489.5985,18181.15,-411.81,21630.86,2155.76
1670219489.603,18157.15,-408.6,21432.28,2284.98
1670219489.6079,18117.57,-525.03,21360.69,2142.63
1670219489.6129,18172.26,-456.12,21309.24,2383.27
1670219489.618,18198.08,-583.95,21505.86,2311.29
1670219489.6232,18157.31,-578.28,21419.49,2154.1
1670219489.6282,18167.37,-513.32,21341.27,2109.81
1670219489.6332,18184.62,-466.8,21597.82,2284.21
1670219489.6375,18178.61,-515.65,21360.42,2224.21
1670219489.6425,18156.65,-520.7,21685.88,2307.6
1670219489.647,18154.75,-437.07,21564.47,2397.94
1670219489.6519,18180.47,-415.55,21606.0,2178.46
1670219489.656,18127.19,-599.95,21624.05,2345.93
1670219489.661,18105.54,-403.11,21500.15,2306.96
1670219489.6652,18190.0,-560.83,21522.51,2246.56
1670219489.6694,18192.28,-484.04,21301.68,2123.52
1670219489.6736,18166.66,-585.93,21428.75,2148.02
1670219489.6788,18172.06,-423.3,21696.51,2375.84
1670219489.6836,18175.17,-575.5,21578.24,2275.53
1670219489.6878,18109.57,-571.98,21338.23,2323.27
1670219489.6927,18116.25,-494.23,21492.76,2363.36
1670219489.6976,18191.23,-554.67,21684.72,2120.21
1670219489.7027,18134.86,-433.63,21339.88,2244.07
1670219489.7072,18195.65,-437.81,21413.25,2298.46
1670219489.7116,18195.49,-442.35,21551.45,2227.13
1670219489.7162,18126.21,-416.41,21339.82,2102.38
1670219489.7207,18150.12,-487.6,21669.87,2292.68
1670219489.7255,18116.78,-411.42,21481.18,2185.6
1670219489.7298,18115.61,-560.78,21583.6,2344.27
1670219489.734,18199.33,-505.3,21552.24,2303.2
1670219489.7382,18189.75,-496.09,21561.65,2113.92
1670219489.743,18108.68,-596.32,21355.28,2142.07
1670219489.7472,18144.3,-516.95,21305.58,2262.69
1670219489.7521,18162.0,-516.97,21540.69,2134.64
1670219489.7562,18102.28,-436.4,21658.83,2257.27
1670219489.7612,18150.23,-541.63,21303.83,2272.8
1670219489.7662,18194.3,-486.38,21340.58,2186.53
1670219489.7705,18166.4,-486.38,21605.81,2338.39
1670219489.7753,18149.51,-404.05,21365.11,2112.97
1670219489.7798,18175.27,-573.61,21355.8,2256.07
1670219489.7849,18150.12,-495.41,21659.98,2378.22
1670219489.7897,18146.19,-455.21,21376.11,2312.61
1670219489.7947,18101.48,-536.57,21671.99,2250.78
1670219489.799,18147.01,-493.1,21374.92,2126.34
1670219489.8032,18171.42,-573.95,21583.13,2382.65
1670219489.808,18137.01,-510.06,21579.18,2364.86
1670219489.8132,18144.57,-412.48,21445.39,2119.12
1670219489.8176,18171.32,-415.53,21403.87,2251.24
1670219489.8218,18195.46,-537.83,21543.92,2125.42
1670219489.8267,18181.86,-537.39,21642.68,2170.3
1670219489.8319,18128.14,-518.95,21380.94,2121.29
1670219489.8369,18119.82,-437.75,21495.79,2240.47
1670219489.8411,18133.81,-569.56,21462.9,2308.27
1670219489.8455,18148.07,-465.5,21611.68,2310.51
1670219489.8498,18132.35,-593.71,21512.04,2104.56
1670219489.8542,18147.09,-444.42,21474.7,2119.08
1670219489.8591,18121.3,-403.37,21656.89,2178.2
1670219489.8632,18159.7,-533.89,21439.63,2252.16
1670219489.8682,18152.49,-501.52,21655.41,2106.36
1670219489.8727,18189.2,-500.63,21493.82,2115.18
1670219489.8777,18196.17,-405.43,21313.67,2281.59
1670219489.8817,18146.31,-457.6,21337.35,2211.89
1670219489.8869,18133.26,-551.85,21368.54,2379.86
1670219489.8913,18187.45,-586.44,21521.55,2148.25
1670219489.8956,18135.36,-522.5,21444.22,2270.31
1670219489.8999,18108.47,-437.41,21335.48,2193.99
1670219489.904,18179.22,-579.65,21646.95,2137.94
1670219489.9088,18114.5,-498.24,21364.68,2202.97
1670219489.913,18143.33,-511.61,21314.51,2340.31
1670219489.9172,18171.35,-501.58,21536.17,2147.12
1670219489.9213,18196.99,-548.51,21430.83,2128.0
1670219489.9261,18149.75,-476.11,21430.9,2345.89
1670219489.9306,18121.09,-443.97,21488.88,2337.7
1670219489.9356,18179.49,-497.53,21699.48,2385.89
1670219489.9405,18126.3,-512.36,21471.74,2247.92
1670219489.9455,18144.44,-553.67,21638.44,2311.65
1670219489.9505,18121.29,-461.94,21373.55,2100.4
1670219489.9546,18101.85,-481.35,21597.97,2168.42
1670219489.9595,18163.44,-524.29,21493.03,2220.9
1670219489.9643,18137.72,-407.63,21566.86,2321.94
1670219489.9693,18156.4,-560.02,21599.15,2357.76
1670219489.9743,18104.72,-527.04,21578.2,2309.29
1670219489.9787,18137.98,-592.36,21590.69,2249.48
1670219489.983,18163.32,-560.24,21518.4,2176.71
1670219489.9872,18146.71,-563.49,21361.06,2100.06
1670219489.992,18112.27,-490.3,21632.11,2271.34
1670219489.9966,18169.71,-437.66,21396.29,2313.89
1670219490.0016,18160.3,-444.16,21328.81,2193.33
1670219490.0066,18166.84,-470.65,21654.71,2355.39
1670219490.0119,18138.93,-542.71,21607.36,2362.4
1670219490.0166,18116.93,-541.28,21439.54,2391.08
1670219490.0216,18115.98,-406.95,21330.23,2318.46
1670219490.0264,18169.49,-474.01,21441.54,2302.83
1670219490.031,18130.17,-528.81,21683.38,2128.86
1670219490.0352,18163.74,-555.35,21580.35,2316.44
1670219490.0402,18181.56,-520.36,21577.99,2199.31
1670219490.0452,18132.15,-425.96,21489.53,2396.13
1670219490.0501,18185.11,-488.6,21331.74,2209.3
1670219490.0546,18173.99,-562.53,21688.09,2295.65
1670219490.0588,18115.35,-481.15,21511.45,2302.09
1670219490.063,18153.56,-429.44,21304.52,2257.47
1670219490.0682,18116.37,-570.17,21340.03,2310.2
1670219490.0732,18109.95,-469.99,21529.69,2185.2
1670219490.0782,18160.47,-462.4,21681.41,2242.3
1670219490.0833,18125.34,-589.45,21343.02,2247.11
1670219490.0875,18143.24,-441.64,21693.19,2324.7
1670219490.0922,18159.11,-514.39,21341.93,2351.27
1670219490.0966,18121.68,-417.33,21401.71,2392.05
1670219490.1016,18138.74,-504.63,21521.51,2371.78
1670219490.1066,18154.48,-572.48,21357.67,2177.25
1670219490.1114,18159.83,-574.32,21685.02,2232.16
1670219490.1156,18138.79,-593.68,21488.66,2265.17
1670219490.1208,18170.84,-552.1,21325.3,2245.64
1670219490.1256,18123.22,-427.01,21633.45,2242.49
1670219490.1306,18182.24,-416.78,21654.25,2136.0
1670219490.1351,18161.72,-430.54,21573.15,2373.21
1670219490.1394,18151.0,-473.1,21420.45,2264.3
1670219490.1439,18130.28,-588.34,21567.73,2352.37
1670219490.1481,18128.42,-596.6,21467.49,2152.89
1670219490.1531,18139.01,-436.76,21325.17,2162.6
1670219490.1579,18177.0,-408.24,21384.52,2243.36
1670219490.1621,18184.29,-528.55,21489.69,2224.91
1670219490.1663,18169.89,-414.63,21412.11,2354.92
1670219490.1712,18117.98,-570.84,21531.93,2122.51
1670219490.1762,18162.38,-460.51,21507.83,2253.77
1670219490.1812,18166.91,-526.22,21421.73,2151.03
1670219490.1855,18103.76,-537.17,21331.2,2198.83
1670219490.1897,18123.17,-513.92,21535.98,2325.54
1670219490.194,18172.9,-539.73,21315.52,2353.89
1670219490.199,18146.17,-489.35,21646.0,2287.43
1670219490.204,18178.38,-571.09,21431.07,2257.65
1670219490.2092,18100.98,-436.94,21463.54,2298.51
1670219490.2139,18174.71,-483.72,21413.87,2173.37
1670219490.2189,18153.27,-552.93,21699.83,2209.87
1670219490.2239,18138.88,-408.98,21676.49,2359.41
1670219490.2289,18129.83,-514.56,21546.98,2327.76
1670219490.2333,18127.78,-421.51,21637.11,2263.14
1670219490.2382,18170.43,-576.11,21357.5,2216.43
1670219490.2432,18188.17,-580.87,21625.81,2170.63
1670219490.2476,18121.73,-506.63,21584.75,2191.93
1670219490.2526,18183.64,-500.67,21694.59,2345.86
1670219490.2576,18113.22,-521.0,21556.96,2126.92
1670219490.2626,18149.06,-430.24,21452.93,2311.55
1670219490.2669,18122.34,-457.58,21436.65,2335.21
1670219490.2716,18123.59,-552.03,21331.49,2104.96
1670219490.2767,18152.25,-440.77,21669.75,2247.42
1670219490.2811,18168.16,-452.65,21556.83,2208.45
1670219490.2857,18109.87,-506.95,21342.98,2332.47
1670219490.2907,18140.67,-579.71,21622.22,2220.04
1670219490.2957,18152.44,-541.27,21654.77,2227.06
1670219490.3002,18123.8,-563.71,21416.9,2355.25
1670219490.3046,18140.74,-492.03,21621.71,2222.74
1670219490.3096,18116.27,-544.38,21395.67,2308.24
1670219490.3143,18141.85,-515.98,21553.11,2208.52
1670219490.3185,18175.82,-559.03,21335.83,2197.4
1670219490.3231,18131.97,-538.4,21408.25,2386.29
1670219490.3282,18175.41,-470.3,21454.92,2313.84
1670219490.3334,18132.11,-509.52,21644.89,2139.18
1670219490.3384,18139.6,-532.98,21618.78,2378.69
1670219490.3434,18149.0,-554.48,21487.66,2145.57
1670219490.3484,18121.34,-435.85,21338.54,2248.79
1670219490.3526,18161.43,-559.19,21359.34,2123.47
1670219490.3568,18168.98,-462.78,21666.7,2333.71
1670219490.3617,18131.15,-529.18,21413.49,2218.53
1670219490.3667,18140.1,-558.56,21409.15,2251.46
1670219490.3718,18171.41,-449.82,21508.12,2240.4
1670219490.376,18149.91,-400.63,21621.78,2186.24
1670219490.3802,18161.39,-452.54,21664.64,2270.81
1670219490.3845,18165.1,-497.34,21447.18,2322.04
1670219490.3887,18108.45,-448.09,21652.32,2209.87
1670219490.3937,18179.64,-475.55,21665.41,2125.54
1670219490.398,18102.36,-562.4,21519.83,2205.51
1670219490.4032,18111.74,-592.86,21548.29,2302.49
1670219490.4079,18197.72,-518.74,21592.56,2298.81
1670219490.4124,18124.29,-529.31,21580.85,2260.35
1670219490.4166,18110.17,-536.15,21547.23,2105.61
1670219490.4216,18121.13,-486.45,21691.56,2390.57
1670219490.4266,18107.83,-579.17,21447.8,2212.14
1670219490.431,18188.18,-515.16,21331.52,2132.66
1670219490.4352,18192.08,-591.41,21422.94,2365.17
1670219490.4402,18118.09,-577.65,21499.05,2204.68
1670219490.4452,18143.89,-569.17,21488.94,2121.03
1670219490.4494,18104.67,-491.16,21677.64,2302.77
1670219490.4543,18171.11,-425.01,21653.43,2313.43
1670219490.459,18136.34,-497.16,21451.48,2208.93
1670219490.464,18155.8,-542.97,21591.15,2371.58
1670219490.469,18122.86,-400.24,21486.47,2396.51
1670219490.474,18107.57,-498.27,21323.17,2180.99
1670219490.4787,18104.85,-409.49,21453.18,2125.4
1670219490.4829,18168.64,-558.36,21629.3,2335.77
1670219490.4874,18104.28,-440.64,21460.48,2115.63
1670219490.4926,18165.37,-577.05,21604.08,2219.4
1670219490.4976,18121.68,-458.5,21549.35,2114.13
1670219490.5026,18106.87,-492.45,21686.43,2145.26
1670219490.5068,18127.28,-568.81,21569.05,2259.11
1670219490.5118,18118.93,-423.76,21622.54,2398.64
1670219490.5162,18117.43,-582.76,21459.96,2317.45
1670219490.5205,18167.08,-576.25,21595.9,2338.68
1670219490.5257,18118.29,-461.63,21463.0,2345.35
1670219490.53,18173.3,-411.91,21601.06,2328.02
1670219490.5343,18176.97,-488.83,21462.65,2128.1
1670219490.5385,18132.01,-551.34,21564.2,2252.37
1670219490.5427,18137.92,-533.45,21415.1,2151.05
1670219490.547,18137.5,-590.23,21490.74,2118.92
1670219490.5512,18105.53,-524.49,21697.81,2385.64
1670219490.5562,18166.23,-433.15,21489.52,2302.92
1670219490.5612,18114.36,-446.65,21553.94,2389.48
1670219490.5655,18140.17,-489.29,21413.99,2373.43
1670219490.5699,18142.19,-519.49,21429.06,2384.69
1670219490.5747,18102.34,-429.06,21437.65,2251.64
1670219490.5789,18182.64,-434.08,21613.57,2231.59
1670219490.5837,18190.23,-438.47,21696.76,2251.79
1670219490.5879,18104.23,-552.36,21608.6,2390.16
1670219490.5926,18163.5,-504.98,21493.47,2252.56
1670219490.5977,18148.68,-415.1,21346.22,2337.63
1670219490.6019,18105.94,-596.91,21318.74,2221.65
1670219490.6061,18135.03,-567.81,21438.06,2219.05
1670219490.6111,18152.89,-423.26,21543.3,2309.32
1670219490.6154,18122.08,-439.89,21438.04,2330.55
1670219490.6201,18130.45,-557.31,21535.98,2379.7
1670219490.625,18124.67,-419.48,21334.26,2362.56
1670219490.6298,18130.83,-546.4,21448.83,2139.28
1670219490.6347,18167.5,-481.04,21529.48,2124.85
1670219490.6397,18102.98,-490.96,21414.54,2172.31
1670219490.6448,18166.42,-543.29,21425.18,2231.98
1670219490.649,18192.56,-595.67,21499.99,2378.86
1670219490.6535,18188.08,-403.69,21493.03,2339.34
1670219490.6583,18156.81,-559.23,21471.85,2398.23
1670219490.6635,18194.78,-496.96,21432.73,2318.87
1670219490.6685,18141.63,-469.04,21461.69,2184.22
1670219490.6729,18185.75,-595.38,21358.88,2372.67
1670219490.6771,18165.03,-518.81,21550.37,2113.25
1670219490.682,18173.07,-521.28,21595.98,2145.7
1670219490.6871,18171.38,-460.77,21307.87,2205.01
1670219490.6922,18107.03,-502.64,21669.02,2154.54
1670219490.6972,18118.01,-521.52,21439.87,2303.26
1670219490.7022,18108.61,-555.46,21360.89,2329.89
1670219490.7072,18120.49,-548.53,21688.75,2251.9
1670219490.7114,18150.23,-575.89,21631.08,2160.49
1670219490.7156,18119.94,-594.36,21562.42,2239.91
1670219490.7197,18174.4,-590.78,21422.95,2214.3
1670219490.7239,18171.5,-511.57,21601.01,2246.44
1670219490.728,18143.25,-586.95,21343.42,2272.28
1670219490.733,18146.6,-553.68,21367.78,2279.84
1670219490.7378,18137.35,-484.33,21540.11,2166.0
1670219490.7428,18182.28,-446.38,21448.86,2128.48
1670219490.747,18147.8,-523.82,21431.63,2115.13
1670219490.7517,18139.02,-563.78,21594.07,2378.13
1670219490.7567,18172.87,-511.94,21320.13,2370.43
1670219490.7615,18179.95,-576.12,21553.92,2303.18
1670219490.7665,18181.51,-594.4,21421.37,2379.63
1670219490.7713,18127.55,-579.0,21356.7,2198.95
1670219490.7755,18175.29,-436.89,21349.27,2117.34
1670219490.7803,18106.15,-567.72,21337.55,2137.95
1670219490.7854,18103.54,-569.54,21388.53,2364.21
1670219490.7897,18115.76,-442.83,21640.44,2106.73
1670219490.7948,18172.91,-585.79,21366.46,2105.81
1670219490.7998,18181.44,-468.78,21382.59,2150.36
1670219490.8048,18171.05,-482.37,21389.26,2369.81
1670219490.8091,18150.21,-573.26,21334.03,2396.41
1670219490.8139,18188.56,-406.36,21614.86,2281.82
1670219490.8189,18179.36,-576.28,21683.5,2361.81
1670219490.8239,18175.48,-416.76,21411.95,2314.31
1670219490.8289,18125.13,-453.25,21532.59,2221.98
1670219490.8331,18158.26,-466.15,21397.31,2220.91
1670219490.8372,18194.53,-403.2,21347.31,2200.5
1670219490.8416,18136.62,-545.1,21652.83,2148.89
1670219490.8464,18145.33,-546.74,21481.97,2255.63
1670219490.8507,18158.93,-553.66,21586.3,2363.37
1670219490.8557,18192.68,-435.75,21552.27,2255.18
1670219490.8607,18103.83,-431.13,21565.54,2135.31
1670219490.8657,18161.81,-446.75,21592.11,2352.23
1670219490.8707,18115.01,-554.61,21537.19,2136.27
1670219490.8749,18110.67,-431.65,21345.79,2224.18
1670219490.8791,18185.56,-580.37,21657.36,2200.59
1670219490.8839,18168.35,-458.39,21645.18,2378.07
1670219490.8889,18116.5,-438.55,21426.77,2344.33
1670219490.8939,18153.81,-461.44,21514.33,2206.67
1670219490.899,18168.03,-487.45,21483.39,2273.14
1670219490.9036,18164.58,-466.61,21311.24,2378.99
1670219490.9081,18186.12,-575.23,21357.01,2252.93
1670219490.9122,18124.96,-534.42,21416.94,2386.85
1670219490.9163,18146.37,-569.45,21590.69,2354.04
1670219490.9213,18160.69,-581.07,21669.3,2274.02
1670219490.9264,18106.69,-567.13,21626.41,2268.39
1670219490.9308,18171.57,-587.73,21380.74,2310.86
1670219490.935,18132.01,-451.12,21461.05,2151.07
1670219490.9392,18193.03,-528.79,21684.31,2399.23
1670219490.9438,18125.71,-459.55,21494.53,2367.02
1670219490.9488,18167.45,-495.18,21606.0,2362.46
1670219490.9538,18124.26,-403.77,21423.09,2209.16
1670219490.9588,18132.63,-424.59,21537.8,2155.39
1670219490.9638,18111.66,-588.13,21500.74,2348.23
1670219490.9681,18167.66,-500.65,21670.95,2196.85
1670219490.973,18186.7,-556.28,21349.24,2341.31
1670219490.978,18156.7,-558.51,21580.28,2326.46
1670219490.9831,18137.64,-450.32,21616.38,2313.27
1670219490.9882,18110.03,-471.67,21534.0,2189.24
1670219490.9927,18189.04,-448.0,21364.93,2260.91
1670219490.997,18132.65,-508.3,21612.36,2184.48
1670219491.0017,18123.43,-447.54,21665.43,2310.62
1670219491.0067,18156.8,-597.31,21388.66,2129.71
1670219491.0112,18123.76,-584.53,21630.35,2298.26
1670219491.0163,18126.99,-564.97,21404.86,2185.0
1670219491.0213,18140.32,-587.34,21665.32,2309.5
1670219491.0263,18164.8,-552.37,21485.37,2282.4
1670219491.031,18141.15,-569.03,21464.71,2112.53
1670219491.0352,18125.93,-564.46,21380.54,2220.2
1670219491.0402,18160.95,-513.17,21635.1,2334.3
1670219491.0452,18170.9,-403.58,21484.25,2316.03
1670219491.0495,18132.51,-581.0,21680.12,2218.44
1670219491.0538,18125.43,-408.18,21348.84,2321.98
1670219491.058,18186.25,-429.14,21691.57,2297.23
1670219491.0622,18124.21,-480.67,21454.53,2376.66
1670219491.0672,18163.0,-418.86,21514.63,2282.06
1670219491.0721,18141.01,-599.18,21573.5,2144.36
1670219491.0762,18166.49,-419.06,21577.29,2343.2
1670219491.0804,18131.89,-593.28,21563.2,2360.42
1670219491.0848,18178.29,-505.99,21544.6,2132.51
1670219491.0897,18167.68,-522.4,21690.3,2116.9
1670219491.0939,18108.32,-449.11,21688.98,2279.25
1670219491.0989,18153.77,-423.16,21538.25,2312.87
1670219491.1039,18143.97,-442.73,21373.09,2271.45
1670219491.1088,18144.86,-472.49,21582.37,2119.85
1670219491.113,18158.2,-494.6,21595.34,2113.43
1670219491.1172,18102.05,-490.72,21361.72,2255.71
1670219491.1221,18108.22,-456.2,21335.89,2274.04
1670219491.1262,18195.54,-445.55,21526.67,2143.46
1670219491.1312,18148.45,-532.92,21310.08,2191.95
1670219491.1356,18159.99,-414.86,21417.82,2306.94
1670219491.1401,18174.86,-452.72,21518.07,2166.21
1670219491.145,18130.22,-488.69,21415.88,2357.91
1670219491.1493,18101.43,-400.63,21474.78,2222.09
1670219491.1535,18166.56,-483.79,21690.57,2232.25
1670219491.1578,18168.11,-471.01,21396.13,2212.66
1670219491.162,18184.01,-569.15,21563.0,2202.53
1670219491.1661,18110.38,-539.24,21466.94,2296.36
1670219491.1711,18172.42,-517.07,21461.25,2319.79
1670219491.1761,18195.34,-507.47,21375.05,2101.95
1670219491.1811,18151.11,-587.82,21390.59,2230.6
1670219491.1861,18137.84,-554.19,21573.37,2330.84
1670219491.1911,18175.45,-419.93,21350.51,2341.99
1670219491.1953,18181.55,-443.6,21398.3,2357.92
1670219491.1996,18122.93,-577.09,21557.1,2124.12
1670219491.2037,18100.92,-548.01,21305.58,2362.42
1670219491.2089,18157.44,-472.68,21640.79,2318.19
1670219491.2132,18112.95,-474.51,21328.07,2150.95
1670219491.2182,18161.47,-435.03,21326.72,2393.96
1670219491.2232,18105.73,-497.82,21366.76,2279.74
1670219491.2282,18175.48,-549.77,21580.22,2313.93
1670219491.2324,18136.75,-404.8,21572.47,2301.73
1670219491.2364,18141.78,-490.08,21315.99,2110.43
1670219491.2413,18109.99,-525.06,21398.94,2310.29
1670219491.2455,18117.67,-538.7,21487.71,2118.64
1670219491.2505,18148.88,-410.19,21319.47,2289.19
1670219491.2555,18152.22,-471.12,21386.01,2119.11
1670219491.2605,18173.08,-589.1,21588.47,2195.73
1670219491.2652,18133.29,-571.19,21398.87,2256.27
1670219491.2702,18118.11,-507.85,21648.59,2170.46
1670219491.2751,18165.08,-428.02,21535.26,2182.28
1670219491.2801,18166.2,-469.66,21594.04,2114.76
1670219491.2851,18131.59,-523.01,21612.68,2310.44
1670219491.2901,18118.95,-508.57,21651.36,2380.55
1670219491.2945,18124.72,-533.5,21509.6,2253.71
1670219491.2997,18113.31,-415.56,21654.56,2254.32
1670219491.304,18132.77,-498.84,21388.56,2328.16
1670219491.3084,18153.63,-437.53,21504.28,2279.32
1670219491.3134,18175.9,-413.96,21689.93,2176.12
1670219491.3184,18172.87,-408.74,21680.83,2238.86
1670219491.3234,18115.25,-483.2,21386.68,2152.34
1670219491.3285,18133.57,-565.18,21495.66,2349.33
1670219491.3334,18131.73,-470.32,21424.93,2215.66
1670219491.3376,18134.27,-555.06,21592.93,2161.86
1670219491.3424,18173.92,-500.05,21396.86,2333.86
1670219491.3466,18107.32,-556.03,21431.97,2175.61
1670219491.3516,18173.69,-583.88,21698.33,2289.93
1670219491.356,18172.11,-588.8,21575.99,2349.09
1670219491.3601,18127.44,-525.45,21411.62,2353.27
1670219491.3654,18153.71,-491.29,21342.48,2357.89
1670219491.3706,18136.74,-497.15,21452.59,2299.0
1670219491.3755,18146.46,-584.46,21589.74,2264.91
1670219491.3806,18178.4,-533.79,21525.26,2205.31
1670219491.3856,18140.27,-494.6,21674.31,2112.38
1670219491.3903,18130.39,-527.68,21366.46,2310.7
1670219491.3945,18171.43,-485.12,21675.09,2142.43
1670219491.3991,18105.73,-480.53,21389.88,2360.84
1670219491.4041,18157.28,-402.03,21556.46,2279.14
1670219491.4089,18114.23,-466.04,21505.97,2216.14
1670219491.4131,18190.05,-544.19,21451.88,2285.6
1670219491.4178,18124.6,-579.22,21321.29,2147.09
1670219491.423,18178.61,-591.45,21628.24,2265.23
1670219491.4277,18122.84,-501.64,21687.8,2390.72
1670219491.4327,18102.0,-561.69,21321.11,2255.46
1670219491.4377,18122.51,-472.45,21410.66,2235.09
1670219491.442,18104.63,-512.46,21516.9,2367.43
1670219491.4462,18149.27,-450.19,21329.25,2139.49
1670219491.4507,18197.36,-556.26,21635.98,2156.83
1670219491.4557,18180.5,-571.76,21665.15,2277.37
1670219491.4607,18137.64,-511.29,21314.76,2387.6
1670219491.4651,18177.79,-541.72,21480.34,2124.03
1670219491.4692,18190.97,-490.97,21464.2,2212.09
1670219491.4739,18178.68,-571.9,21514.05,2171.19
1670219491.4784,18173.2,-469.55,21579.15,2247.99
1670219491.4826,18131.89,-417.81,21462.16,2399.49
1670219491.4876,18188.38,-477.06,21656.59,2307.04
1670219491.4925,18195.82,-412.76,21391.99,2233.32
1670219491.4968,18182.44,-450.51,21645.75,2273.29
1670219491.5018,18133.21,-551.21,21678.58,2151.22
1670219491.5061,18112.38,-598.8,21579.94,2106.06
1670219491.5111,18169.01,-523.06,21429.8,2305.29
1670219491.5161,18149.2,-538.1,21456.98,2245.91
1670219491.5211,18173.57,-519.05,21379.95,2173.55
1670219491.5261,18190.29,-484.86,21397.92,2187.63
1670219491.5305,18161.67,-456.64,21326.58,2270.4
1670219491.5355,18164.31,-437.74,21530.89,2370.31
1670219491.5397,18184.67,-563.87,21324.35,2240.57
1670219491.5447,18138.17,-551.4,21640.09,2320.94
1670219491.5497,18196.77,-442.2,21424.65,2331.98
1670219491.5547,18110.05,-442.88,21302.89,2241.89
1670219491.559,18104.6,-545.86,21375.15,2220.63
1670219491.5642,18115.42,-464.56,21650.32,2309.62
1670219491.5682,18126.03,-544.96,21492.28,2371.02
1670219491.5725,18138.27,-424.38,21533.81,2357.34
1670219491.5767,18137.11,-443.29,21575.68,2173.46
1670219491.5815,18187.66,-580.66,21556.66,2228.57
1670219491.5857,18132.89,-493.99,21431.99,2119.69
1670219491.5905,18161.15,-462.22,21386.98,2276.02
1670219491.5955,18175.94,-570.7,21605.84,2175.36
1670219491.5997,18196.42,-577.16,21447.37,2359.64
1670219491.604,18196.06,-546.63,21383.01,2104.59
1670219491.609,18143.68,-409.59,21356.19,2111.2
1670219491.6132,18199.14,-422.68,21542.92,2184.16
1670219491.6181,18140.85,-562.74,21582.31,2207.85
1670219491.6232,18189.37,-425.11,21341.91,2193.34
1670219491.6281,18190.29,-463.86,21493.58,2148.13
1670219491.6323,18154.06,-416.41,21615.81,2322.55
1670219491.6372,18117.54,-423.92,21300.99,2183.93
1670219491.6413,18117.27,-408.52,21614.34,2121.07
1670219491.6464,18109.99,-490.55,21541.13,2300.32
1670219491.6514,18151.89,-514.57,21639.4,2164.29
1670219491.6564,18184.4,-468.22,21541.65,2388.77
1670219491.6611,18117.53,-531.32,21337.07,2152.3
1670219491.6661,18131.68,-472.92,21521.32,2331.16
1670219491.6709,18164.0,-453.36,21487.59,2165.76
1670219491.6759,18195.42,-425.07,21648.65,2151.92
1670219491.6809,18117.27,-510.18,21477.49,2185.54
1670219491.6861,18149.65,-438.37,21429.28,2273.72
1670219491.6903,18118.4,-444.87,21503.17,2237.13
1670219491.6945,18174.89,-442.96,21557.05,2107.9
1670219491.6995,18123.46,-410.56,21473.34,2297.0
1670219491.7045,18172.48,-473.68,21470.47,2187.1
1670219491.7095,18117.46,-543.89,21418.47,2212.46
1670219491.7138,18189.85,-501.29,21470.23,2183.49
1670219491.718,18192.11,-502.04,21546.04,2242.73
1670219491.7223,18117.06,-547.31,21625.92,2262.43
1670219491.7265,18175.22,-598.4,21530.18,2304.85
1670219491.7315,18139.99,-436.36,21601.71,2317.18
1670219491.7365,18157.66,-494.06,21532.14,2372.32
1670219491.7411,18133.39,-460.42,21656.05,2248.05
1670219491.7456,18160.91,-436.14,21441.29,2219.58
1670219491.7506,18183.12,-591.08,21682.63,2131.86
1670219491.7549,18159.75,-594.16,21377.03,2122.99
1670219491.7592,18170.11,-537.08,21392.78,2235.97
1670219491.7633,18139.73,-534.57,21425.95,2383.24
1670219491.7683,18166.81,-526.52,21467.05,2132.65
1670219491.7734,18124.66,-590.04,21640.86,2119.42
1670219491.7784,18147.39,-496.84,21634.98,2272.76
1670219491.7827,18184.51,-407.61,21649.68,2339.16
1670219491.7869,18133.69,-506.12,21496.3,2370.49
1670219491.7918,18144.31,-463.48,21625.76,2237.03
1670219491.7962,18134.24,-530.59,21395.89,2239.7
1670219491.8004,18166.09,-590.88,21554.57,2288.55
1670219491.8054,18132.76,-503.17,21564.74,2215.8
1670219491.81,18158.61,-583.46,21354.56,2202.24
1670219491.815,18194.21,-506.1,21475.89,2225.74
1670219491.8199,18109.32,-560.75,21531.8,2302.84
1670219491.825,18119.65,-476.1,21497.3,2118.99
1670219491.8293,18179.58,-508.14,21464.39,2308.06
1670219491.8343,18182.0,-590.76,21533.75,2149.2
1670219491.8384,18100.53,-518.31,21453.62,2299.55
1670219491.8428,18194.37,-492.56,21699.3,2135.58
1670219491.8478,18138.34,-542.47,21658.93,2188.09
1670219491.8528,18172.44,-515.6,21499.7,2130.93
1670219491.857,18137.83,-577.35,21346.46,2171.02
1670219491.8612,18190.09,-565.2,21652.55,2213.22
1670219491.8662,18177.21,-428.61,21390.56,2361.16
1670219491.8712,18105.0,-434.66,21624.61,2186.92
1670219491.8762,18151.95,-409.92,21511.13,2166.07
1670219491.8805,18159.89,-505.94,21598.43,2389.26
1670219491.8847,18111.95,-441.01,21358.61,2163.94
1670219491.889,18193.68,-438.92,21407.33,2231.58
1670219491.8934,18101.27,-454.31,21609.88,2299.03
1670219491.8976,18177.64,-456.57,21552.06,2323.83
1670219491.9024,18133.39,-591.15,21352.89,2298.6
1670219491.9066,18121.0,-442.59,21628.44,2324.59
1670219491.9109,18179.83,-540.61,21597.65,2308.73
1670219491.9152,18171.0,-460.41,21519.99,2332.59
1670219491.9202,18164.64,-591.74,21540.52,2278.98
1670219491.9252,18120.6,-480.23,21597.39,2175.09
1670219491.9294,18149.31,-408.39,21563.51,2300.45
1670219491.9343,18145.36,-568.21,21452.95,2314.55
1670219491.9387,18160.62,-528.49,21415.96,2156.47
1670219491.943,18116.92,-561.28,21335.36,2188.77
1670219491.948,18160.97,-547.72,21565.12,2375.97
1670219491.953,18152.77,-470.05,21685.85,2283.38
1670219491.9578,18191.31,-406.78,21327.78,2104.93
1670219491.962,18104.55,-525.71,21344.57,2108.9
1670219491.9665,18173.23,-486.45,21693.56,2384.37
1670219491.9715,18151.93,-590.93,21581.11,2305.29
1670219491.9767,18108.16,-411.3,21671.8,2169.92
1670219491.9817,18137.7,-488.16,21596.55,2368.41
1670219491.9867,18179.85,-508.36,21362.17,2332.98
1670219491.9909,18186.93,-492.7,21509.46,2183.34
1670219491.996,18175.64,-587.34,21405.21,2282.69
1670219492.001,18115.72,-527.32,21569.22,2191.06
1670219492.006,18180.33,-481.74,21586.26,2307.33
1670219492.0103,18130.56,-559.72,21568.72,2362.74
1670219492.0146,18149.53,-544.24,21351.4,2161.11
1670219492.0191,18193.78,-453.19,21647.91,2150.68
1670219492.0233,18145.88,-464.11,21411.21,2274.9
1670219492.0283,18135.2,-478.66,21307.73,2222.53
1670219492.0333,18103.61,-400.86,21493.59,2244.72
1670219492.0376,18112.7,-565.5,21407.41,2212.89
1670219492.0419,18100.66,-502.54,21327.65,2317.6
1670219492.0461,18113.91,-495.78,21461.63,2160.53
1670219492.0511,18169.29,-593.67,21598.2,2302.84
1670219492.0561,18170.97,-459.29,21350.27,2105.11
1670219492.0611,18106.76,-581.85,21450.23,2293.86
1670219492.0653,18145.74,-598.05,21521.02,2272.92
1670219492.0702,18126.21,-592.65,21300.09,2237.82
1670219492.0753,18123.27,-563.75,21362.79,2355.15
1670219492.0794,18176.17,-561.17,21435.52,2197.41
1670219492.0845,18165.15,-532.08,21314.85,2263.62
1670219492.0895,18182.76,-574.02,21396.8,2392.29
1670219492.0938,18105.31,-415.62,21460.56,2245.02
1670219492.0979,18127.83,-554.49,21370.23,2377.26
1670219492.1029,18155.12,-449.79,21514.82,2229.31
1670219492.1072,18121.98,-470.05,21586.55,2372.26
1670219492.1113,18177.52,-424.86,21352.47,2193.17
1670219492.1163,18191.59,-416.99,21510.94,2323.22
1670219492.1214,18192.86,-527.75,21471.35,2216.95
1670219492.1265,18131.57,-450.09,21459.61,2286.43
1670219492.1315,18107.76,-568.25,21477.89,2330.05
1670219492.1365,18198.43,-497.79,21401.68,2104.01
1670219492.1415,18120.54,-545.12,21487.9,2280.59
1670219492.1458,18189.15,-403.66,21382.43,2387.21
1670219492.15,18198.96,-492.36,21309.67,2142.53
1670219492.1542,18138.78,-440.24,21477.06,2246.63
1670219492.1592,18142.32,-572.95,21349.29,2354.53
1670219492.1642,18162.49,-444.7,21517.59,2227.1
1670219492.1692,18102.45,-586.17,21418.8,2364.27
1670219492.1741,18170.74,-530.86,21451.87,2247.11
1670219492.1785,18180.32,-517.99,21674.04,2131.72
1670219492.1835,18104.7,-497.94,21475.47,2162.68
1670219492.1884,18180.88,-561.76,21614.22,2176.92
1670219492.1933,18195.61,-473.41,21491.77,2249.18
1670219492.1977,18108.46,-505.52,21377.26,2336.62
1670219492.2021,18179.9,-544.92,21677.4,2223.62
1670219492.2065,18116.61,-452.03,21489.46,2315.0
1670219492.2115,18150.85,-422.34,21407.01,2382.56
1670219492.2165,18193.79,-539.59,21339.7,2317.64
1670219492.2215,18194.78,-477.31,21638.38,2311.91
1670219492.2258,18142.18,-460.76,21582.44,2153.22
1670219492.23,18114.76,-423.65,21546.67,2397.3
1670219492.235,18141.66,-583.13,21613.32,2142.33
1670219492.2399,18118.43,-482.89,21693.61,2362.7
1670219492.245,18137.77,-546.1,21343.55,2393.76
1670219492.2492,18117.93,-456.65,21468.93,2184.04
1670219492.2534,18141.67,-573.61,21603.64,2316.87
1670219492.2575,18185.64,-460.8,21386.21,2189.36
1670219492.2617,18161.58,-438.88,21639.49,2378.56
1670219492.2664,18166.11,-504.3,21445.54,2192.34
1670219492.2714,18108.95,-424.25,21520.08,2382.02
1670219492.2764,18183.04,-425.44,21641.9,2114.92
1670219492.2814,18170.51,-444.2,21367.03,2229.82
1670219492.2866,18156.93,-571.55,21420.02,2313.57
1670219492.2907,18199.13,-523.9,21316.78,2397.97
1670219492.2951,18166.85,-441.11,21550.25,2234.52
1670219492.2993,18138.24,-502.57,21536.34,2208.66
1670219492.3043,18101.0,-586.19,21453.7,2114.22
1670219492.3093,18169.99,-527.44,21309.43,2168.32
1670219492.3143,18181.73,-507.62,21502.69,2235.53
1670219492.3186,18130.49,-516.63,21606.7,2297.72
1670219492.3237,18194.43,-506.77,21324.99,2182.46
1670219492.3288,18174.0,-421.75,21346.69,2241.41
1670219492.333,18181.97,-405.96,21602.98,2180.04
1670219492.338,18101.31,-499.4,21398.73,2145.16
1670219492.343,18100.76,-419.52,21494.59,2371.72
1670219492.348,18159.47,-588.83,21557.15,2182.34
1670219492.3531,18176.65,-530.84,21573.55,2321.71
1670219492.3572,18166.58,-513.11,21642.79,2298.86
1670219492.3614,18138.53,-442.4,21672.29,2178.23
1670219492.3664,18108.14,-487.19,21659.76,2387.44
1670219492.3714,18196.34,-499.85,21546.46,2223.32
1670219492.3757,18109.13,-417.54,21521.78,2201.89
1670219492.3802,18110.32,-440.47,21468.39,2289.09
1670219492.3844,18188.94,-445.17,21459.16,2333.38
1670219492.3894,18111.08,-554.07,21580.66,2325.16
1670219492.3944,18182.81,-510.52,21528.28,2313.83
1670219492.3993,18152.69,-558.18,21574.67,2277.69
1670219492.4038,18187.59,-538.46,21376.46,2261.81
1670219492.409,18134.38,-506.48,21689.94,2381.66
1670219492.4132,18130.95,-579.5,21345.61,2390.04
1670219492.4182,18110.42,-536.61,21638.73,2274.96
1670219492.4232,18178.77,-544.2,21474.23,2207.35
1670219492.4282,18171.09,-590.69,21396.4,2273.05
1670219492.4325,18182.63,-561.93,21382.67,2124.22
1670219492.4372,18132.7,-457.27,21460.35,2378.54
1670219492.4415,18122.54,-504.42,21473.92,2208.8
1670219492.4457,18192.49,-487.2,21578.73,2209.55
1670219492.4505,18123.65,-586.68,21423.71,2182.33
1670219492.4547,18100.87,-512.74,21505.01,2105.73
1670219492.459,18139.23,-421.19,21350.4,2319.91
1670219492.4632,18127.79,-557.94,21439.9,2139.06
1670219492.4682,18184.37,-506.55,21365.2,2371.34
1670219492.4731,18159.47,-407.4,21442.43,2184.62
1670219492.4777,18131.67,-480.9,21536.12,2297.48
1670219492.4818,18189.42,-515.48,21475.34,2244.95
1670219492.4861,18135.12,-573.1,21493.01,2388.83
1670219492.4912,18184.75,-590.31,21402.71,2376.51
1670219492.4963,18163.01,-472.24,21348.98,2361.83
1670219492.5006,18164.43,-537.97,21554.8,2122.66
1670219492.5047,18166.44,-597.05,21655.28,2263.37
1670219492.509,18149.8,-424.82,21678.99,2234.33
1670219492.5132,18127.98,-504.43,21362.78,2341.86
1670219492.5173,18116.03,-526.19,21360.69,2324.5
1670219492.5216,18120.76,-583.13,21597.57,2144.79
1670219492.5257,18140.15,-570.19,21406.04,2102.92
1670219492.5306,18107.36,-583.3,21484.63,2342.16
1670219492.5358,18167.11,-442.41,21660.52,2239.69
1670219492.5399,18143.31,-432.05,21484.25,2142.65
1670219492.5449,18134.9,-537.75,21530.09,2100.83
1670219492.5499,18174.66,-530.68,21346.55,2294.41
1670219492.5548,18152.23,-508.62,21619.22,2160.1
1670219492.5589,18157.77,-501.17,21603.2,2216.54
1670219492.563,18181.33,-599.13,21670.56,2324.04
1670219492.5672,18142.64,-471.49,21458.76,2156.13
1670219492.5721,18144.98,-527.77,21513.68,2245.81
1670219492.5763,18158.71,-449.19,21678.29,2158.1
1670219492.5811,18193.46,-574.46,21605.18,2162.21
1670219492.5862,18172.88,-441.69,21356.34,2299.06
1670219492.5903,18153.66,-514.82,21645.23,2231.1
1670219492.5945,18125.91,-466.99,21481.26,2327.26
1670219492.5993,18113.67,-507.63,21576.79,2369.05
1670219492.6043,18194.23,-550.74,21381.42,2220.37
1670219492.6095,18164.21,-504.63,21445.62,2326.85
1670219492.6145,18117.68,-555.14,21327.26,2197.19
1670219492.6195,18102.58,-447.89,21467.21,2220.84
1670219492.6238,18172.02,-454.83,21431.5,2180.29
1670219492.6288,18150.34,-477.59,21326.47,2300.44
1670219492.6338,18144.91,-465.73,21395.31,2227.23
1670219492.6388,18100.15,-531.03,21435.46,2195.58
1670219492.6439,18108.29,-574.89,21574.88,2205.34
1670219492.6483,18104.87,-572.8,21334.75,2224.29
1670219492.6532,18134.33,-495.52,21649.76,2377.72
1670219492.6574,18104.59,-557.37,21575.24,2332.49
1670219492.6616,18145.84,-527.74,21470.64,2252.09
1670219492.6666,18143.66,-559.48,21567.14,2333.38
1670219492.6708,18193.27,-547.53,21689.4,2209.71
1670219492.6749,18178.98,-510.64,21586.23,2340.48
1670219492.679,18194.31,-484.02,21679.26,2130.8
1670219492.6833,18138.25,-405.84,21398.49,2139.78
1670219492.6883,18195.39,-590.67,21533.9,2262.14
1670219492.6933,18134.84,-503.9,21413.37,2202.48
1670219492.6983,18147.74,-427.05,21564.59,2285.55
1670219492.7025,18162.4,-545.08,21349.73,2186.12
1670219492.7075,18165.38,-423.51,21593.86,2278.89
1670219492.7118,18133.19,-581.7,21513.37,2265.04
1670219492.717,18113.26,-446.33,21402.06,2363.71
1670219492.7218,18100.79,-526.06,21635.5,2150.19
1670219492.7261,18190.0,-440.03,21308.88,2145.79
1670219492.7306,18178.23,-410.96,21415.23,2161.71
1670219492.7354,18162.8,-574.17,21471.47,2235.11
1670219492.74,18141.85,-548.3,21483.47,2340.27
1670219492.7448,18104.69,-408.03,21453.3,2170.21
1670219492.7498,18174.34,-533.85,21449.24,2362.0
1670219492.7548,18177.75,-526.24,21414.67,2396.72
1670219492.7598,18113.13,-544.63,21417.15,2337.24
1670219492.764,18124.92,-546.2,21536.59,2206.32
1670219492.769,18169.19,-599.19,21579.07,2240.5
1670219492.7733,18125.83,-457.64,21611.74,2100.83
1670219492.7775,18124.0,-566.76,21695.43,2155.52
1670219492.7823,18196.46,-598.6,21457.76,2156.1
1670219492.7864,18155.36,-480.47,21357.11,2147.56
1670219492.7916,18117.74,-466.0,21567.49,2220.08
1670219492.7968,18192.63,-493.25,21469.64,2190.03
1670219492.801,18184.83,-488.05,21333.03,2201.33
1670219492.8057,18125.23,-517.9,21544.41,2397.0
1670219492.8107,18103.81,-552.56,21431.43,2217.66
1670219492.8157,18155.85,-431.63,21417.73,2276.88
1670219492.8202,18168.44,-408.41,21651.61,2168.06
1670219492.8251,18165.11,-489.79,21449.45,2394.43
1670219492.8293,18121.11,-420.26,21334.01,2183.22
1670219492.8343,18194.77,-464.28,21630.98,2227.43
1670219492.8393,18147.86,-522.94,21424.21,2131.85
1670219492.8441,18142.97,-596.85,21528.18,2285.46
1670219492.8491,18123.97,-454.73,21625.89,2325.18
1670219492.8535,18157.1,-507.85,21695.0,2152.98
1670219492.8587,18141.34,-581.02,21614.54,2287.1
1670219492.8637,18106.68,-400.91,21469.76,2181.44
1670219492.8685,18183.33,-565.17,21550.81,2221.09
1670219492.8732,18114.69,-540.98,21557.75,2288.82
1670219492.8774,18194.65,-411.53,21461.64,2147.31
1670219492.882,18103.88,-502.57,21409.71,2380.82
1670219492.8862,18170.5,-504.66,21617.64,2160.79
1670219492.8904,18158.55,-491.34,21521.14,2223.48
1670219492.8947,18151.63,-590.26,21675.23,2122.32
1670219492.899,18129.56,-462.83,21650.54,2345.66
1670219492.904,18117.69,-597.74,21361.58,2127.99
1670219492.909,18134.74,-546.57,21420.56,2128.08
1670219492.914,18154.45,-599.45,21690.99,2207.77
1670219492.9182,18171.97,-517.2,21415.48,2255.83
1670219492.9224,18190.7,-514.14,21450.39,2363.36
1670219492.9274,18147.39,-552.54,21375.47,2221.06
1670219492.9315,18187.76,-467.24,21447.38,2121.88
1670219492.936,18124.45,-474.12,21663.61,2323.57
1670219492.9412,18107.28,-452.29,21435.6,2221.91
1670219492.9463,18165.89,-511.48,21664.14,2358.85
1670219492.9513,18118.49,-597.88,21661.24,2355.95
1670219492.9562,18196.83,-407.39,21465.09,2238.83
1670219492.9605,18110.45,-445.17,21325.32,2119.43
1670219492.9647,18113.86,-506.66,21642.61,2372.99
1670219492.969,18194.94,-518.28,21518.85,2398.34
1670219492.9738,18189.25,-590.56,21561.47,2293.4
1670219492.9779,18141.45,-434.13,21638.05,2244.73
1670219492.9829,18108.9,-416.92,21317.65,2217.84
1670219492.9879,18197.63,-489.3,21324.94,2322.35
1670219492.9921,18182.91,-407.97,21567.32,2343.14
1670219492.9973,18125.56,-596.56,21376.88,2361.16
1670219493.0022,18126.91,-497.17,21402.77,2191.22
1670219493.0072,18120.15,-427.48,21357.12,2249.67
1670219493.0113,18129.91,-584.49,21352.93,2171.43
1670219493.0164,18134.12,-469.01,21442.94,2210.34
1670219493.0206,18114.64,-423.43,21379.3,2127.44
1670219493.0249,18189.33,-529.75,21496.31,2256.06
1670219493.0301,18115.62,-593.88,21696.3,2205.24
1670219493.0351,18192.2,-446.94,21335.4,2367.79
1670219493.04,18120.33,-533.89,21651.92,2206.15
1670219493.0444,18196.6,-489.98,21524.57,2344.6
1670219493.0494,18123.03,-467.56,21473.04,2184.21
1670219493.0544,18124.14,-501.84,21435.45,2178.16
1670219493.0587,18128.53,-559.94,21545.52,2397.94
1670219493.0629,18101.71,-449.84,21338.51,2224.75
1670219493.067,18194.8,-450.64,21430.85,2336.68
1670219493.0712,18112.05,-436.44,21414.88,2118.7
1670219493.0762,18110.49,-455.95,21349.19,2275.33
1670219493.0807,18134.03,-415.01,21651.91,2313.26
1670219493.0856,18190.25,-426.9,21364.98,2341.44
1670219493.0905,18156.03,-433.05,21397.12,2237.36
1670219493.0946,18118.18,-402.45,21585.62,2349.02
1670219493.0989,18174.1,-407.94,21423.25,2149.3
1670219493.1039,18123.83,-578.03,21554.27,2286.1
1670219493.1089,18157.77,-491.35,21601.34,2110.88
1670219493.1139,18196.57,-492.33,21529.41,2168.59
1670219493.1189,18144.41,-575.03,21572.71,2194.3
1670219493.1238,18110.59,-461.93,21641.45,2259.06
1670219493.1281,18107.82,-515.97,21448.51,2145.17
1670219493.1332,18119.11,-454.96,21423.41,2177.15
1670219493.1382,18173.8,-448.83,21413.65,2139.55
1670219493.1435,18156.6,-478.36,21330.46,2240.94
1670219493.1485,18172.11,-581.35,21345.63,2256.9
1670219493.1535,18150.91,-407.68,21577.99,2219.5
1670219493.1577,18138.66,-512.22,21580.78,2143.55
1670219493.1625,18146.25,-484.34,21557.18,2317.7
1670219493.1676,18115.44,-410.81,21358.99,2131.21
1670219493.1724,18114.05,-591.61,21585.25,2189.48
1670219493.1766,18109.54,-482.7,21311.1,2119.94
1670219493.1816,18160.95,-518.47,21691.48,2231.22
1670219493.1858,18148.52,-556.13,21351.52,2227.84
1670219493.1899,18193.83,-504.44,21547.21,2231.01
1670219493.1951,18138.28,-434.75,21430.09,2322.79
1670219493.2003,18119.67,-437.33,21650.75,2114.66
1670219493.2045,18199.61,-415.09,21429.28,2234.4
1670219493.2095,18192.27,-487.36,21516.81,2326.83
1670219493.2146,18107.81,-519.27,21448.69,2375.08
1670219493.2196,18158.88,-493.24,21670.71,2111.31
1670219493.224,18165.11,-531.77,21563.49,2254.52
1670219493.2282,18104.34,-482.16,21477.67,2279.14
1670219493.2332,18171.43,-519.32,21685.8,2237.65
1670219493.2382,18103.91,-407.39,21504.52,2124.67
1670219493.2432,18135.35,-422.23,21572.05,2326.37
1670219493.2477,18160.26,-521.21,21302.35,2278.15
1670219493.2527,18172.39,-530.37,21674.44,2187.93
1670219493.2573,18137.21,-497.48,21516.52,2112.62
1670219493.2617,18132.5,-452.74,21591.92,2319.26
1670219493.2667,18147.73,-560.43,21336.64,2207.74
1670219493.2717,18131.14,-499.06,21631.23,2209.04
1670219493.2767,18102.19,-473.28,21332.99,2332.15
1670219493.281,18177.14,-483.31,21590.98,2111.67
1670219493.2852,18187.37,-488.23,21564.49,2396.7
1670219493.2902,18144.98,-431.95,21535.43,2238.66
1670219493.2952,18147.29,-444.54,21598.94,2328.62
1670219493.3002,18198.33,-529.05,21357.85,2363.56
1670219493.3045,18135.1,-478.5,21432.24,2399.88
1670219493.3095,18171.22,-506.36,21333.29,2335.06
1670219493.3145,18105.77,-436.05,21427.86,2324.56
1670219493.3188,18119.17,-443.83,21478.42,2277.82
1670219493.3237,18168.97,-497.94,21468.37,2217.29
1670219493.3279,18142.86,-414.5,21463.5,2312.3
1670219493.3331,18130.67,-456.49,21553.69,2120.36
1670219493.3381,18189.95,-560.96,21361.04,2269.67
1670219493.3431,18159.32,-583.62,21300.94,2266.32
1670219493.3479,18107.62,-482.42,21337.4,2189.75
1670219493.353,18128.7,-528.89,21427.97,2116.0
1670219493.3576,18159.15,-557.89,21578.64,2375.62
1670219493.3627,18174.61,-401.77,21443.81,2185.97
1670219493.3677,18131.11,-449.25,21455.61,2374.24
1670219493.3727,18141.27,-465.1,21541.26,2322.71
1670219493.3768,18185.51,-563.0,21405.09,2355.02
1670219493.3811,18188.49,-516.93,21465.41,2247.29
1670219493.3853,18103.83,-419.63,21456.01,2107.69
1670219493.3902,18109.04,-559.15,21385.99,2180.18
1670219493.3946,18143.07,-561.04,21624.47,2258.79
1670219493.3996,18193.2,-469.67,21586.96,2287.98
1670219493.4046,18189.63,-448.18,21387.62,2120.61
1670219493.4096,18153.76,-468.79,21626.9,2287.03
1670219493.4139,18117.0,-563.47,21615.33,2315.72
1670219493.4181,18136.27,-526.93,21682.06,2318.04
1670219493.4229,18114.49,-537.73,21307.18,2326.7
1670219493.4277,18129.29,-416.59,21547.61,2312.3
1670219493.4325,18128.68,-419.89,21488.59,2161.3
1670219493.4366,18110.12,-508.25,21575.36,2238.08
1670219493.4415,18148.94,-581.65,21572.21,2265.27
1670219493.4457,18182.69,-528.91,21382.82,2191.13
1670219493.45,18115.43,-596.55,21540.33,2126.66
1670219493.4546,18144.41,-566.67,21384.87,2350.92
1670219493.4596,18117.57,-466.29,21626.5,2140.95
1670219493.4646,18155.55,-533.66,21643.75,2140.08
1670219493.4689,18121.33,-562.82,21583.36,2370.82
1670219493.4735,18128.55,-553.05,21663.3,2101.56
1670219493.4777,18187.13,-503.21,21552.82,2377.09
1670219493.4827,18126.46,-560.84,21341.51,2115.93
1670219493.4877,18188.7,-593.12,21444.74,2326.38
1670219493.492,18160.41,-571.0,21561.71,2280.32
1670219493.4968,18170.06,-573.31,21541.72,2147.95
1670219493.5019,18176.57,-483.34,21597.0,2166.32
1670219493.5068,18171.14,-554.58,21420.46,2222.81
1670219493.5116,18152.3,-589.9,21491.64,2150.92
1670219493.5162,18108.4,-411.36,21345.35,2322.01
1670219493.5204,18119.78,-560.13,21302.65,2275.89
1670219493.5254,18129.55,-450.16,21551.82,2315.36
1670219493.5304,18101.54,-503.7,21422.76,2150.57
1670219493.5346,18143.79,-533.8,21412.99,2278.7
1670219493.5388,18131.41,-499.27,21367.91,2273.39
1670219493.5438,18112.44,-434.22,21631.11,2248.97
1670219493.5481,18141.57,-441.64,21603.36,2306.03
1670219493.5533,18171.56,-458.04,21566.9,2118.4
1670219493.5583,18124.25,-539.69,21465.25,2205.82
1670219493.5633,18129.79,-416.9,21344.18,2114.02
1670219493.5678,18182.75,-418.36,21345.8,2280.03
1670219493.5728,18175.09,-416.72,21424.05,2141.19
1670219493.5777,18106.24,-414.25,21645.98,2365.78
1670219493.5827,18143.29,-425.08,21325.65,2231.98
1670219493.5877,18120.24,-416.77,21550.31,2294.59
1670219493.5934,18136.08,-547.4,21686.92,2222.93
1670219493.5976,18185.82,-508.07,21359.31,2366.32
1670219493.6026,18103.4,-451.1,21426.56,2137.71
1670219493.6074,18152.26,-540.77,21324.66,2276.02
1670219493.6124,18161.88,-458.49,21555.94,2109.7
1670219493.6166,18192.47,-455.72,21604.98,2331.39
1670219493.6215,18195.58,-408.85,21335.67,2251.9
1670219493.6266,18143.58,-500.5,21599.7,2125.68
1670219493.6309,18119.06,-513.79,21677.46,2313.8
1670219493.6362,18130.73,-594.1,21394.88,2128.89
1670219493.6411,18151.93,-443.63,21594.75,2122.46
1670219493.6458,18182.41,-505.59,21534.59,2172.28
1670219493.6507,18123.6,-412.62,21649.8,2376.85
1670219493.6557,18117.85,-409.51,21411.19,2125.99
1670219493.6607,18173.65,-508.9,21511.47,2349.66
1670219493.6657,18191.46,-433.34,21370.81,2318.05
1670219493.6699,18146.04,-458.54,21464.04,2397.95
1670219493.675,18186.21,-471.38,21336.74,2138.03
1670219493.68,18168.26,-498.39,21552.94,2146.79
1670219493.685,18101.62,-456.49,21464.09,2249.64
1670219493.6898,18128.23,-535.41,21573.31,2351.74
1670219493.6945,18106.04,-438.64,21552.11,2157.24
1670219493.6989,18185.71,-561.84,21332.35,2251.96
1670219493.7032,18198.42,-428.58,21420.93,2378.42
1670219493.7083,18100.44,-582.46,21553.71,2323.61
1670219493.7133,18162.82,-550.22,21441.59,2351.26
1670219493.7184,18151.93,-546.07,21522.96,2233.03
1670219493.7226,18116.97,-465.75,21683.43,2114.08
1670219493.7269,18175.46,-597.48,21674.05,2105.16
1670219493.732,18121.61,-563.15,21664.46,2267.78
1670219493.7365,18167.24,-483.75,21558.88,2235.55
1670219493.7408,18156.78,-534.61,21523.93,2211.14
1670219493.7449,18124.09,-577.07,21631.84,2187.51
1670219493.7499,18119.1,-511.83,21607.43,2395.99
1670219493.7549,18169.84,-538.62,21308.42,2145.11
1670219493.7594,18146.7,-418.09,21462.86,2278.03
1670219493.7644,18142.13,-446.97,21434.0,2132.61
1670219493.7694,18182.09,-452.66,21359.75,2186.81
1670219493.7744,18125.54,-525.33,21573.55,2307.24
1670219493.7788,18146.3,-492.54,21623.07,2272.29
1670219493.7831,18163.53,-495.63,21603.85,2279.65
1670219493.7879,18161.07,-507.57,21405.57,2278.67
1670219493.7929,18192.35,-459.31,21389.29,2346.93
1670219493.7981,18156.61,-495.01,21641.18,2376.82
1670219493.8022,18138.51,-544.85,21671.48,2191.31
1670219493.8069,18177.53,-427.71,21453.56,2112.65
1670219493.812,18113.4,-568.43,21568.53,2290.94
1670219493.8161,18101.63,-581.21,21454.02,2229.5
1670219493.8209,18175.41,-545.89,21321.33,2129.31
1670219493.8251,18165.15,-479.44,21671.58,2383.91
1670219493.8302,18151.75,-450.44,21487.99,2128.04
1670219493.8353,18178.12,-577.19,21627.74,2378.73
1670219493.8394,18124.68,-401.67,21370.0,2272.17
1670219493.8438,18186.61,-508.96,21351.75,2164.74
1670219493.8488,18198.95,-472.88,21341.71,2308.8
1670219493.8536,18187.69,-439.59,21601.0,2399.21
1670219493.8578,18191.48,-427.66,21369.03,2331.0
1670219493.8628,18181.46,-444.91,21616.48,2332.34
1670219493.867,18110.49,-479.16,21518.67,2247.6
1670219493.8718,18154.24,-434.96,21464.06,2291.92
1670219493.876,18129.16,-528.77,21428.68,2121.56
1670219493.8804,18112.44,-530.71,21358.14,2275.39
1670219493.8853,18198.76,-542.81,21468.48,2260.24
1670219493.8902,18112.41,-503.64,21597.73,2283.17
1670219493.8943,18113.55,-556.15,21640.38,2358.51
1670219493.8994,18112.08,-436.28,21653.57,2220.01
1670219493.9043,18129.79,-522.04,21481.14,2234.78
1670219493.909,18100.32,-493.0,21563.63,2294.31
1670219493.914,18169.04,-449.13,21642.75,2127.14
1670219493.9192,18144.79,-561.48,21363.29,2245.52
1670219493.9243,18126.58,-595.47,21554.32,2148.68
1670219493.9284,18163.0,-519.9,21697.02,2155.48
1670219493.9334,18126.96,-568.68,21367.48,2178.08
1670219493.9384,18161.28,-440.26,21527.02,2272.55
1670219493.9427,18184.71,-476.96,21373.98,2225.0
1670219493.9477,18113.15,-402.05,21338.81,2151.94
1670219493.9527,18106.73,-421.47,21322.02,2243.82
1670219493.9577,18129.94,-442.94,21622.93,2203.58
1670219493.9618,18191.51,-504.33,21429.95,2328.43
1670219493.966,18101.21,-515.44,21683.89,2367.3
1670219493.9703,18126.81,-400.24,21309.76,2347.95
1670219493.9753,18149.51,-400.49,21311.09,2199.52
1670219493.9802,18111.79,-577.72,21515.87,2378.35
1670219493.9851,18146.61,-492.54,21365.81,2225.08
1670219493.9901,18162.19,-477.07,21604.36,2217.39
1670219493.9951,18196.75,-505.18,21521.38,2186.76
1670219494.0001,18115.32,-540.13,21616.49,2252.55
1670219494.0051,18199.89,-408.52,21679.49,2218.45
1670219494.0093,18183.44,-506.31,21560.07,2204.54
1670219494.0141,18113.83,-474.26,21642.06,2276.51
1670219494.0191,18178.62,-524.22,21323.04,2346.69
1670219494.0241,18184.09,-492.17,21342.57,2143.77
1670219494.0291,18183.04,-541.21,21638.96,2382.03
1670219494.0334,18117.49,-587.9,21596.3,2131.48
1670219494.0386,18137.73,-408.3,21485.55,2395.93
1670219494.0433,18163.52,-521.92,21665.6,2103.53
1670219494.0475,18128.71,-564.04,21443.53,2194.47
1670219494.0524,18170.43,-464.2,21318.4,2247.6
1670219494.0565,18191.69,-415.04,21580.27,2121.87
1670219494.0615,18132.19,-579.39,21621.3,2318.98
1670219494.0658,18105.49,-440.27,21427.56,2326.36
1670219494.07,18153.95,-574.23,21695.45,2247.22
1670219494.0748,18185.14,-435.37,21403.89,2360.67
1670219494.079,18159.34,-584.28,21636.75,2248.14
1670219494.0832,18148.33,-542.0,21536.2,2291.39
1670219494.0877,18116.4,-505.73,21553.39,2397.4
1670219494.0919,18114.3,-563.62,21526.12,2198.18
1670219494.0969,18105.35,-506.1,21461.45,2112.18
1670219494.1017,18115.49,-476.56,21516.5,2231.93
1670219494.1062,18127.46,-524.94,21654.83,2137.58
1670219494.1104,18140.39,-510.54,21480.84,2309.72
1670219494.1156,18102.33,-486.31,21600.66,2334.14
1670219494.1206,18129.47,-537.02,21361.67,2206.81
1670219494.1254,18190.62,-493.6,21648.72,2181.0
1670219494.1304,18149.15,-530.25,21521.83,2292.93
1670219494.1354,18133.9,-410.23,21516.69,2254.46
1670219494.1402,18164.34,-408.31,21521.24,2319.29
1670219494.1445,18117.44,-426.56,21601.83,2114.34
1670219494.1495,18141.87,-429.8,21460.11,2293.59
1670219494.1545,18178.78,-539.46,21432.49,2191.77
1670219494.1595,18182.01,-435.99,21424.42,2209.27
1670219494.164,18166.8,-580.42,21400.9,2245.29
1670219494.1681,18131.7,-448.31,21451.85,2202.28
1670219494.1722,18130.59,-409.37,21489.15,2271.1
1670219494.1764,18193.45,-411.94,21477.92,2239.67
1670219494.1814,18141.9,-434.79,21428.36,2375.38
1670219494.1864,18124.44,-400.95,21530.29,2211.68
1670219494.1914,18169.75,-424.72,21598.41,2217.02
1670219494.1962,18117.83,-526.15,21651.05,2116.08
1670219494.2008,18192.85,-523.85,21313.97,2341.91
1670219494.2051,18177.37,-548.12,21306.17,2133.47
1670219494.2101,18120.51,-525.91,21623.98,2319.07
1670219494.2151,18184.22,-490.0,21341.15,2276.04
1670219494.2201,18135.13,-461.96,21502.07,2249.81
1670219494.2251,18164.67,-465.52,21437.36,2398.43
1670219494.2297,18156.58,-529.57,21335.05,2274.31
1670219494.2343,18155.01,-409.08,21351.17,2343.19
1670219494.2386,18130.21,-400.96,21688.46,2114.59
1670219494.2435,18177.26,-458.25,21514.99,2287.48
1670219494.2485,18147.0,-426.96,21535.77,2203.42
1670219494.2535,18154.84,-587.4,21415.63,2135.81
1670219494.2585,18126.99,-438.31,21459.88,2175.08
1670219494.2629,18167.89,-445.22,21313.48,2326.08
1670219494.2679,18188.3,-590.43,21568.69,2222.77
1670219494.2729,18100.99,-498.81,21477.52,2320.3
1670219494.2781,18181.02,-519.65,21382.24,2298.75
1670219494.283,18162.46,-510.76,21338.59,2306.26
1670219494.288,18112.99,-558.48,21452.07,2298.55
1670219494.293,18144.65,-556.16,21687.71,2284.46
1670219494.298,18117.05,-573.15,21685.05,2378.78
1670219494.303,18158.38,-529.18,21413.28,2173.85
1670219494.3072,18166.15,-481.12,21381.56,2168.39
1670219494.3116,18145.42,-422.53,21505.76,2133.12
1670219494.3158,18148.26,-431.14,21636.28,2202.98
1670219494.3208,18171.29,-459.02,21349.04,2173.02
1670219494.3258,18150.68,-518.51,21414.28,2367.44
1670219494.3308,18173.06,-564.93,21339.91,2285.69
1670219494.335,18187.27,-412.4,21641.0,2217.55
1670219494.3398,18196.34,-477.14,21405.55,2139.7
1670219494.344,18113.51,-437.99,21511.7,2190.19
1670219494.349,18112.61,-586.39,21667.67,2160.23
1670219494.3538,18185.83,-470.03,21612.46,2232.5
1670219494.358,18170.4,-484.75,21546.68,2142.31
1670219494.363,18142.52,-576.64,21459.1,2244.75
1670219494.368,18180.5,-474.65,21593.02,2345.39
1670219494.373,18122.98,-579.85,21346.8,2169.83
1670219494.3774,18123.69,-513.07,21573.94,2192.29
1670219494.3815,18196.5,-458.24,21563.35,2103.66
1670219494.3858,18185.95,-528.59,21588.98,2385.8
1670219494.39,18187.36,-597.6,21472.04,2398.14
1670219494.3952,18191.04,-532.96,21607.35,2145.83
1670219494.4002,18136.51,-506.51,21429.56,2283.25
1670219494.4053,18186.57,-439.76,21631.7,2172.93
1670219494.4095,18195.39,-599.25,21385.25,2209.06
1670219494.4137,18127.85,-424.61,21526.46,2197.21
1670219494.418,18198.83,-508.78,21434.41,2261.66
1670219494.423,18149.25,-599.47,21527.79,2316.25
1670219494.428,18183.56,-428.81,21672.22,2247.82
1670219494.433,18160.49,-420.79,21606.03,2313.42
1670219494.438,18121.81,-491.82,21648.93,2304.43
1670219494.4421,18150.68,-567.58,21492.03,2213.98
1670219494.447,18123.03,-530.1,21316.48,2305.45
1670219494.4515,18193.62,-472.23,21409.47,2352.06
1670219494.4564,18190.57,-434.31,21490.53,2294.71
1670219494.4605,18131.51,-408.08,21342.79,2334.79
1670219494.4649,18167.99,-469.77,21425.98,2124.32
1670219494.4691,18131.6,-442.13,21623.85,2122.87
1670219494.4738,18186.69,-500.49,21540.9,2332.52
1670219494.4782,18161.96,-573.42,21423.43,2207.98
1670219494.4832,18125.55,-464.51,21352.56,2272.61
1670219494.4882,18113.16,-452.74,21410.18,2211.4
1670219494.4924,18111.05,-413.31,21419.5,2297.83
1670219494.4966,18126.21,-415.19,21460.66,2157.08
1670219494.5012,18146.61,-480.99,21613.55,2126.63
1670219494.506,18111.61,-484.16,21535.33,2319.65
1670219494.5104,18196.24,-400.07,21492.1,2346.32
1670219494.5154,18148.24,-443.86,21600.68,2173.55
1670219494.5204,18157.89,-435.41,21609.46,2331.2
1670219494.5247,18145.91,-540.69,21635.61,2315.87
1670219494.5296,18186.08,-426.02,21429.68,2131.41
1670219494.5346,18147.91,-563.08,21395.22,2198.22
1670219494.5395,18133.23,-541.11,21372.86,2151.02
1670219494.5446,18152.32,-463.75,21301.82,2113.18
1670219494.5496,18142.24,-470.28,21693.65,2255.3
1670219494.5538,18110.84,-586.92,21375.03,2347.7
1670219494.5579,18182.41,-471.8,21415.99,2191.69
1670219494.562,18163.01,-479.53,21519.22,2265.01
1670219494.5662,18158.01,-548.88,21691.7,2325.29
1670219494.5711,18153.52,-472.58,21327.13,2285.45
1670219494.5761,18125.24,-490.74,21554.04,2364.51
1670219494.5811,18180.38,-462.38,21414.35,2375.2
1670219494.5861,18121.48,-439.36,21631.8,2190.16
1670219494.5914,18157.6,-516.6,21453.84,2269.94
1670219494.5964,18103.95,-571.17,21597.58,2362.92
1670219494.6014,18187.49,-583.24,21370.89,2128.2
1670219494.6063,18132.37,-543.6,21590.87,2104.68
1670219494.6104,18191.21,-520.26,21402.25,2364.25
1670219494.6147,18160.92,-517.57,21695.44,2201.85
1670219494.6197,18137.98,-577.61,21494.51,2276.32
1670219494.6249,18143.69,-505.85,21315.84,2131.02
1670219494.6291,18197.96,-434.11,21551.63,2141.28
1670219494.6341,18105.71,-430.84,21633.4,2299.86
1670219494.6389,18182.25,-437.39,21578.96,2241.65
1670219494.6431,18183.21,-400.01,21506.07,2374.49
1670219494.6474,18171.75,-414.81,21617.29,2350.6
1670219494.6522,18137.84,-498.46,21624.6,2239.46
1670219494.6564,18155.34,-500.87,21444.88,2116.18
1670219494.6606,18123.19,-503.3,21611.48,2249.43
1670219494.6656,18155.75,-519.07,21589.45,2165.24
1670219494.6706,18142.53,-425.76,21669.74,2138.71
1670219494.6749,18170.25,-498.85,21497.32,2300.49
1670219494.6793,18155.16,-444.16,21473.0,2268.24
1670219494.6843,18122.65,-539.73,21375.47,2271.12
1670219494.6891,18186.79,-553.34,21482.95,2335.49
1670219494.6933,18193.53,-538.39,21584.92,2232.07
1670219494.6976,18142.72,-504.55,21672.74,2101.32
1670219494.7029,18120.0,-533.94,21638.34,2129.09
1670219494.7077,18185.29,-563.69,21345.19,2125.87
1670219494.7129,18160.69,-562.8,21306.03,2339.77
1670219494.7179,18150.77,-566.51,21666.9,2135.88
1670219494.722,18123.82,-549.88,21387.16,2142.87
1670219494.727,18173.17,-504.96,21585.31,2329.31
1670219494.732,18162.66,-410.95,21518.46,2334.56
1670219494.737,18153.45,-578.44,21355.13,2319.01
1670219494.742,18137.03,-500.37,21306.26,2135.8
1670219494.747,18168.29,-458.41,21595.45,2115.27
1670219494.752,18178.93,-400.87,21338.08,2100.58
1670219494.757,18158.5,-495.09,21386.65,2290.8
1670219494.762,18194.17,-567.15,21692.34,2341.94
1670219494.767,18171.57,-451.56,21370.47,2358.46
1670219494.772,18105.94,-589.69,21420.45,2152.36
1670219494.777,18154.36,-583.63,21568.84,2200.46
1670219494.7811,18148.93,-436.86,21411.75,2255.96
1670219494.7861,18124.65,-550.55,21642.53,2179.06
1670219494.7911,18157.05,-446.01,21415.92,2106.01
1670219494.7962,18111.87,-418.35,21306.93,2362.92
1670219494.8012,18158.11,-574.77,21414.49,2121.34
1670219494.8061,18182.07,-576.94,21699.37,2210.12
1670219494.8112,18192.35,-468.6,21434.27,2132.78
1670219494.8162,18124.21,-481.45,21454.84,2359.99
1670219494.8212,18199.72,-400.35,21547.81,2396.12
1670219494.8262,18156.46,-554.03,21673.24,2301.1
1670219494.8311,18126.14,-550.62,21351.63,2232.23
1670219494.8361,18192.57,-520.44,21341.24,2363.76
1670219494.8411,18184.95,-474.0,21672.68,2195.56
1670219494.8462,18162.65,-596.98,21544.57,2187.24
1670219494.8503,18189.2,-574.92,21358.71,2200.95
1670219494.8545,18137.86,-487.83,21312.31,2359.97
1670219494.8602,18158.82,-512.26,21509.49,2190.72
1670219494.8644,18174.19,-536.54,21423.85,2262.83
1670219494.8694,18168.28,-492.77,21300.53,2370.31
1670219494.8744,18188.43,-587.85,21488.13,2135.88
1670219494.8787,18184.43,-565.03,21682.74,2192.66
1670219494.883,18144.42,-524.21,21543.17,2144.37
1670219494.8872,18144.02,-432.8,21519.68,2185.11
1670219494.892,18160.3,-462.92,21424.52,2311.76
1670219494.897,18199.14,-501.44,21412.33,2196.24
1670219494.9012,18193.11,-484.4,21511.47,2140.92
1670219494.9062,18128.64,-454.48,21427.66,2342.59
1670219494.9105,18191.91,-498.34,21449.76,2139.27
1670219494.9157,18178.07,-593.39,21339.05,2150.87
